Arched_Eyebrows,Bags_Under_Eyes,Bald,Bangs,Big_Lips,Big_Nose,Black_Hair,Blond_Hair,Blurry,Brown_Hair,Bushy_Eyebrows,Double_Chin,Eyeglasses,Goatee,Gray_Hair,Heavy_Makeup,Male,Mouth_Slightly_Open,Mustache,Narrow_Eyes,No_Beard,Pointy_Nose,Receding_Hairline,Sideburns,Smiling,Straight_Hair,Wavy_Hair,Wearing_Earrings,Wearing_Hat,Wearing_Necklace,Wearing_Necktie,Young,Average
78.42962962962963,81.31358024691357,97.2641975308642,93.7679012345679,73.32345679012346,80.57283950617284,86.46913580246914,94.29135802469136,95.06172839506173,83.96049382716049,88.98765432098766,94.51851851851852,98.61728395061728,95.279012345679,96.8395061728395,88.42469135802469,95.54567901234567,90.57283950617284,95.22469135802469,88.1037037037037,92.97283950617285,71.92098765432098,92.4888888888889,95.60493827160494,89.31358024691357,78.74567901234568,76.89876543209877,84.86913580246913,97.82716049382717,87.36296296296297,94.49382716049382,83.92592592592592,88.84351851851854
